{
  "properties": {
    "connectionReferences": {
      "shared_microsoftforms": {
        "runtimeSource": "embedded",
        "connection": {
          "connectionReferenceLogicalName": "mdevkr_sharedmicrosoftforms_24565"
        },
        "api": {
          "name": "shared_microsoftforms"
        }
      },
      "shared_social-20media-20assistant-5f01b55ef74854b39e-5f2568531c64349a6c_1": {
        "runtimeSource": "embedded",
        "connection": {
          "connectionReferenceLogicalName": "mdevkr_sharedsocial20media20assistant5f01b55ef74854b39e5f2568531c64349a_a1734"
        },
        "api": {
          "name": "shared_social-20media-20assistant-5f01b55ef74854b39e-5f2568531c64349a6c"
        }
      },
      "shared_sharepointonline_1": {
        "runtimeSource": "embedded",
        "connection": {
          "connectionReferenceLogicalName": "mdevkr_sharedsharepointonline_c339a"
        },
        "api": {
          "name": "shared_sharepointonline"
        }
      },
      "shared_teams_1": {
        "runtimeSource": "embedded",
        "connection": {
          "connectionReferenceLogicalName": "mdevkr_sharedteams_db6f2"
        },
        "api": {
          "name": "shared_teams"
        }
      }
    },
    "definition": {
      "$schema": "https://schema.management.azure.com/providers/Microsoft.Logic/schemas/2016-06-01/workflowdefinition.json#",
      "contentVersion": "1.0.0.0",
      "parameters": {
        "$connections": {
          "defaultValue": {},
          "type": "Object"
        },
        "$authentication": {
          "defaultValue": {},
          "type": "SecureObject"
        }
      },
      "triggers": {
        "When_a_new_response_is_submitted": {
          "splitOn": "@triggerOutputs()?['body/value']",
          "metadata": {
            "operationMetadataId": "cb63196f-3c77-477a-9ac4-aa93dd9fb340"
          },
          "type": "OpenApiConnectionWebhook",
          "inputs": {
            "host": {
              "connectionName": "shared_microsoftforms",
              "operationId": "CreateFormWebhook",
              "apiId": "/providers/Microsoft.PowerApps/apis/shared_microsoftforms"
            },
            "parameters": {
              "form_id": "lf5Raklqlk-nYCkAHLtMY9b_btcMVvFKl3SiknKNtPVUQTNJMzFKWjRSOVJFV0lVOFVRWThYWE1BNC4u"
            },
            "authentication": "@parameters('$authentication')"
          }
        }
      },
      "actions": {
        "Get_response_details": {
          "runAfter": {},
          "metadata": {
            "operationMetadataId": "03628068-1fd0-41ac-a8fc-e961d956848a"
          },
          "type": "OpenApiConnection",
          "inputs": {
            "host": {
              "connectionName": "shared_microsoftforms",
              "operationId": "GetFormResponseById",
              "apiId": "/providers/Microsoft.PowerApps/apis/shared_microsoftforms"
            },
            "parameters": {
              "form_id": "lf5Raklqlk-nYCkAHLtMY9b_btcMVvFKl3SiknKNtPVUQTNJMzFKWjRSOVJFV0lVOFVRWThYWE1BNC4u",
              "response_id": "@triggerOutputs()?['body/resourceData/responseId']"
            },
            "authentication": "@parameters('$authentication')"
          }
        },
        "Initialize_variable_-_Twitter": {
          "runAfter": {
            "Get_response_details": [
              "Succeeded"
            ]
          },
          "metadata": {
            "operationMetadataId": "e8b40300-af78-49ab-bd56-abc330f64dd8"
          },
          "type": "InitializeVariable",
          "inputs": {
            "variables": [
              {
                "name": "TwitterContent",
                "type": "string",
                "value": "n/a"
              }
            ]
          }
        },
        "Initialize_variable_-_Facebook": {
          "runAfter": {
            "Initialize_variable_-_Twitter": [
              "Succeeded"
            ]
          },
          "metadata": {
            "operationMetadataId": "24f3770d-198b-4788-b515-21d09fefffeb"
          },
          "type": "InitializeVariable",
          "inputs": {
            "variables": [
              {
                "name": "FacebookContent",
                "type": "string",
                "value": "n/a"
              }
            ]
          }
        },
        "Initialize_variable_-_Instagram": {
          "runAfter": {
            "Initialize_variable_-_Facebook": [
              "Succeeded"
            ]
          },
          "metadata": {
            "operationMetadataId": "9a5d8b84-66b2-4e2a-93d1-8868a0343040"
          },
          "type": "InitializeVariable",
          "inputs": {
            "variables": [
              {
                "name": "InstagramContent",
                "type": "string",
                "value": "n/a"
              }
            ]
          }
        },
        "Initialize_variable_-_Threads": {
          "runAfter": {
            "Initialize_variable_-_Instagram": [
              "Succeeded"
            ]
          },
          "metadata": {
            "operationMetadataId": "3fa5ed4c-df67-4483-8eda-e4cdbf4b80b2"
          },
          "type": "InitializeVariable",
          "inputs": {
            "variables": [
              {
                "name": "ThreadsContent",
                "type": "string",
                "value": "n/a"
              }
            ]
          }
        },
        "Initialize_variable_-_YouTube": {
          "runAfter": {
            "Initialize_variable_-_Threads": [
              "Succeeded"
            ]
          },
          "metadata": {
            "operationMetadataId": "d287b3a0-b614-4ff7-87ff-6b97fa17227f"
          },
          "type": "InitializeVariable",
          "inputs": {
            "variables": [
              {
                "name": "YouTubeContent",
                "type": "string",
                "value": "n/a"
              }
            ]
          }
        },
        "Compose": {
          "runAfter": {
            "Initialize_variable_-_YouTube": [
              "Succeeded"
            ]
          },
          "metadata": {
            "operationMetadataId": "fa795a2e-1cc7-4f99-b138-f8c5c8343c16"
          },
          "type": "Compose",
          "inputs": {
            "requester": "@outputs('Get_response_details')?['body/responder']",
            "requesterAlias": "@first(split(outputs('Get_response_details')?['body/responder'], '@'))",
            "subject": "@outputs('Get_response_details')?['body/r6ef5ee86546542099fb2dd521ba991aa']",
            "requestDetails": "@outputs('Get_response_details')?['body/re8a9a1c2887c41f89c93b89d57317b53']",
            "channelsToPublish": "@json(outputs('Get_response_details')?['body/re2e49577bb20453aaba77a9db49f55e4'])",
            "dateTimeToPublish": "@outputs('Get_response_details')?['body/r2b50c717b8124831adf9efa0be876f7a']",
            "hashtags": "@outputs('Get_response_details')?['body/r42d136d85f4e4b2c94909e8d82b7ce5a']",
            "landingPageUrl": "@outputs('Get_response_details')?['body/r4feed37391134b1c89cc58aa9413e298']",
            "mediaAssetUrl": "@outputs('Get_response_details')?['body/rb86a0c2d1aec4a7a8da68b3530081dfb']"
          }
        },
        "Parse_JSON": {
          "runAfter": {
            "Compose": [
              "Succeeded"
            ]
          },
          "metadata": {
            "operationMetadataId": "3b9db45f-42b1-4612-aa3d-9b7cfe275bd6"
          },
          "type": "ParseJson",
          "inputs": {
            "content": "@outputs('Compose')",
            "schema": {
              "type": "object",
              "properties": {
                "requester": {
                  "type": "string"
                },
                "requesterAlias": {
                  "type": "string"
                },
                "subject": {
                  "type": "string"
                },
                "requestDetails": {
                  "type": "string"
                },
                "channelsToPublish": {
                  "type": "array",
                  "items": {
                    "type": "string"
                  }
                },
                "dateTimeToPublish": {
                  "type": "string"
                },
                "hashtags": {
                  "type": "string"
                },
                "landingPageUrl": {
                  "type": "string"
                },
                "mediaAssetUrl": {
                  "type": "string"
                }
              }
            }
          }
        },
        "Condition_-_Twitter": {
          "actions": {
            "Get_Twitter_post": {
              "runAfter": {},
              "metadata": {
                "operationMetadataId": "0ca11f0c-e874-4697-8e63-632eba3cdc98"
              },
              "type": "OpenApiConnection",
              "inputs": {
                "host": {
                  "connectionName": "shared_social-20media-20assistant-5f01b55ef74854b39e-5f2568531c64349a6c_1",
                  "operationId": "getCompletions",
                  "apiId": "/providers/Microsoft.PowerApps/apis/shared_social-20media-20assistant-5f01b55ef74854b39e-5f2568531c64349a6c"
                },
                "parameters": {
                  "locale": "en-us",
                  "social": "twitter",
                  "completionsPostRequest-2": "@body('Parse_JSON')?['requestDetails']"
                },
                "authentication": "@parameters('$authentication')"
              }
            },
            "Set_variable_-_Twitter": {
              "runAfter": {
                "Get_Twitter_post": [
                  "Succeeded"
                ]
              },
              "metadata": {
                "operationMetadataId": "31e62af7-f9cb-4278-b4ec-97b5a93bdbd6"
              },
              "type": "SetVariable",
              "inputs": {
                "name": "TwitterContent",
                "value": "@body('Get_Twitter_post')"
              }
            }
          },
          "runAfter": {
            "Parse_JSON": [
              "Succeeded"
            ]
          },
          "expression": {
            "contains": [
              "@body('Parse_JSON')?['channelsToPublish']",
              "Twitter Developer"
            ]
          },
          "metadata": {
            "operationMetadataId": "fd8c983d-fcd9-40fa-936b-b1663fa34244"
          },
          "type": "If"
        },
        "Condition_-_Facebook": {
          "actions": {
            "Get_Facebook_post": {
              "runAfter": {},
              "metadata": {
                "operationMetadataId": "549d0f8a-84c6-48a1-a677-dd34a66f0463"
              },
              "type": "OpenApiConnection",
              "inputs": {
                "host": {
                  "connectionName": "shared_social-20media-20assistant-5f01b55ef74854b39e-5f2568531c64349a6c_1",
                  "operationId": "getCompletions",
                  "apiId": "/providers/Microsoft.PowerApps/apis/shared_social-20media-20assistant-5f01b55ef74854b39e-5f2568531c64349a6c"
                },
                "parameters": {
                  "locale": "en-us",
                  "social": "facebook",
                  "completionsPostRequest-2": "@body('Parse_JSON')?['requestDetails']"
                },
                "authentication": "@parameters('$authentication')"
              }
            },
            "Set_variable_-_Facebook": {
              "runAfter": {
                "Get_Facebook_post": [
                  "Succeeded"
                ]
              },
              "metadata": {
                "operationMetadataId": "9231655c-8434-4968-9bcb-02d39192cc59"
              },
              "type": "SetVariable",
              "inputs": {
                "name": "FacebookContent",
                "value": "@{body('Get_Facebook_post')}"
              }
            }
          },
          "runAfter": {
            "Condition_-_Twitter": [
              "Succeeded"
            ]
          },
          "expression": {
            "contains": [
              "@body('Parse_JSON')?['channelsToPublish']",
              "Facebook Developer"
            ]
          },
          "metadata": {
            "operationMetadataId": "ace32322-4b73-4d56-9131-a51a0764b934"
          },
          "type": "If"
        },
        "Create_item": {
          "runAfter": {
            "Condition_-_Facebook": [
              "Succeeded"
            ]
          },
          "metadata": {
            "operationMetadataId": "b292af62-9b27-4736-997c-419c8032b51b"
          },
          "type": "OpenApiConnection",
          "inputs": {
            "host": {
              "connectionName": "shared_sharepointonline_1",
              "operationId": "PostItem",
              "apiId": "/providers/Microsoft.PowerApps/apis/shared_sharepointonline"
            },
            "parameters": {
              "dataset": "https://m365devkr-my.sharepoint.com/personal/justin_yoo_m365dev_kr",
              "table": "516deab7-1dae-4611-8cfc-f2dfc130a23b",
              "item/Title": "@triggerOutputs()?['body/resourceData/responseId']",
              "item/RequesterAlias": "@body('Parse_JSON')?['requesterAlias']",
              "item/Subject": "@body('Parse_JSON')?['subject']",
              "item/RequestDetails": "@body('Parse_JSON')?['requestDetails']",
              "item/ChannelsToPublish": "@join(body('Parse_JSON')?['channelsToPublish'], ',')",
              "item/DateTimeToPublish": "@body('Parse_JSON')?['dateTimeToPublish']",
              "item/TwitterContent": "@variables('TwitterContent')",
              "item/FacebookContent": "@variables('FacebookContent')",
              "item/InstagramContent": "@variables('InstagramContent')",
              "item/ThreadsContent": "@variables('ThreadsContent')",
              "item/YouTubeContent": "@variables('YouTubeContent')",
              "item/HashTags": "@body('Parse_JSON')?['hashtags']",
              "item/LandingPageUrl": "@body('Parse_JSON')?['landingPageUrl']",
              "item/MediaAssetUrl": "@body('Parse_JSON')?['mediaAssetUrl']"
            },
            "authentication": "@parameters('$authentication')"
          }
        },
        "Post_message_in_a_chat_or_channel": {
          "runAfter": {
            "Create_item": [
              "Succeeded"
            ]
          },
          "metadata": {
            "operationMetadataId": "6a10139d-677e-4f3b-938f-374ee39881da"
          },
          "type": "OpenApiConnection",
          "inputs": {
            "host": {
              "connectionName": "shared_teams_1",
              "operationId": "PostMessageToConversation",
              "apiId": "/providers/Microsoft.PowerApps/apis/shared_teams"
            },
            "parameters": {
              "poster": "Flow bot",
              "location": "Chat with Flow bot",
              "body/recipient": "justin.yoo@m365dev.kr;",
              "body/messageBody": "<p>New post request!<br>\n<br>\nCheck out this link to review: <a href=\"@{outputs('Create_item')?['body/{Link}']}\">@{outputs('Create_item')?['body/{Link}']}</a></p>",
              "body/isAlert": true
            },
            "authentication": "@parameters('$authentication')"
          }
        }
      }
    },
    "templateName": null
  },
  "schemaVersion": "1.0.0.0"
}